MA,cntr
Rotterdam [The Hague]_NL,NL
's-Hertogenbosch_NL,NL
A Coruña_ES,ES
Heerlen_DE,DE
Zurich_CH,CH
Aalborg_DK,DK
Amsterdam_NL,NL
Brussels_BE,BE
Ghent_BE,BE
Biel/Bienne_CH,CH
Olten_CH,CH
Leuven_BE,BE
Antwerp_BE,BE
Székesfehérvár_HU,HU
Padua_IT,IT
Bilbao_ES,ES
Lecco_IT,IT
Abbotsford_CA,CA
Paris_FR,FR
Aberdeen_GB,GB
Tokyo_JP,JP
Tomakomai_JP,JP
Salvador_BR,BR
Barcelona_ES,ES
Recife_BR,BR
Innsbruck_AU,AU
Heilbronn_DE,DE
Acapulco_MX,MX
Naples_IT,IT
Achalpur_IN,IN
Athens_GR,GR
Vienna_AT,AT
Strasbourg_FR,FR
Arras_FR,FR
Bremen_DE,DE
Achinsk_RU,RU
Ulm_DE,DE
Kiel_DE,DE
Catania_IT,IT
Rennes_FR,FR
Lausanne_CH,CH
Rouen_FR,FR
Ciudad Acuña_MX,MX
Boise_US,US
Braga_PT,PT
Los Cristianos_ES,ES
Adelaide_AU,AU
Göppingen_DE,DE
Hanover_DE,DE
Augsburg_DE,DE
Brunswick_DE,DE
Lüneburg_DE,DE
Adiyaman_TR,TR
Toronto_CA,CA
Lucerne_CH,CH
Rostock_DE,DE
Cuiabá_BR,BR
Salzburg_AT,AT
Adoni_IN,IN
Donostia / San Sebastián_ES,ES
Brighton_GB,GB
Cherkessk_RU,RU
Macaé_BR,BR
Basel_CH,CH
Ajaccio_FR,FR
Stuttgart_DE,DE
Bucharest_RO,RO
Afyonkarahisar_TR,TR
Magnitogorsk_RU,RU
Agartala_IN,IN
Nancy_FR,FR
Florence_IT,IT
Milan_IT,IT
Lugano_CH,CH
Agra_IN,IN
Porto_PT,PT
Agua Prieta_MX,MX
São Paulo_BR,BR
Lisbon_PT,PT
Aguascalientes_MX,MX
Nagoya_JP,JP
Resende_BR,BR
Arinaga_ES,ES
Anglet_FR,FR
Ahmedabad_IN,IN
Kassel_DE,DE
Los Mochis_MX,MX
Hamburg_DE,DE
Berlin_DE,DE
Dijon_FR,FR
Montreux_CH,CH
La Rochelle_FR,FR
Nantes_FR,FR
Toulouse_FR,FR
Girona_ES,ES
Nimes_FR,FR
Alacant / Alicante_ES,ES
Mantes-la-Jolie_FR,FR
Osaka [Kyoto]_JP,JP
Kagoshima_JP,JP
Turin_IT,IT
Calgary_CA,CA
Geneva_CH,CH
Charleroi_BE,BE
Hikone_JP,JP
Lens_FR,FR
Aix-en-Provence_FR,FR
Chambéry_FR,FR
Limoges_FR,FR
Tokushima_JP,JP
Aizu-Wakamatsu_JP,JP
Madrid_ES,ES
Ajmer_IN,IN
Akbarpur_IN,IN
Akhisar_TR,TR
Akita_JP,JP
Akola_IN,IN
Aksaray_TR,TR
Rostov-on-Don_RU,RU
Aksu_CN,CN
Almetyevsk_RU,RU
San Jose_US,US
Alanya_TR,TR
Valencia_ES,ES
Palma de Mallorca_ES,ES
Albacete_ES,ES
Rome_IT,IT
Bergamo_IT,IT
Albany_US,US
Como_IT,IT
Logroño_ES,ES
Annecy_FR,FR
Linz_AT,AT
Würzburg_DE,DE
Copenhagen_DK,DK
Lyon_FR,FR
Reggio nell'Emilia_IT,IT
Savona_IT,IT
Granada_ES,ES
Pavia_IT,IT
Seville_ES,ES
Murcia_ES,ES
Valladolid_ES,ES
Gothenburg_SE,SE
Lodz_PL,PL
Alessandria_IT,IT
Washington D.C._US,US
Zaragoza_ES,ES
Alfenas_BR,BR
Cologne_DE,DE
Algeciras_ES,ES
Hildesheim_DE,DE
Colmar_FR,FR
Thionville_FR,FR
Málaga_ES,ES
Alibag_IN,IN
Aligarh_IN,IN
Kolkata_IN,IN
Valence_FR,FR
Huelva_ES,ES
Alkmaar_NL,NL
Prayagraj_IN,IN
Marseille_FR,FR
Kalamazoo_US,US
Pittsburgh_US,US
Fort Wayne_US,US
San Miguel de Allende_MX,MX
Lille_FR,FR
Constance_DE,DE
Alappuzha_IN,IN
Graz_AT,AT
Nuremberg_DE,DE
Munich_DE,DE
Bern_CH,CH
Amiens_FR,FR
Castellón de la Plana_ES,ES
Enschede_NL,NL
Almere_NL,NL
Almeria_ES,ES
Toluca_MX,MX
Tarragona_ES,ES
Guadalajara_ES,ES
Collado Villalba_ES,ES
Dortmund_DE,DE
Alphen aan den Rijn_NL,NL
Breda_NL,NL
Gandia_ES,ES
Darmstadt_DE,DE
Koblenz_DE,DE
Tampico_MX,MX
Altamura_IT,IT
Vicenza_IT,IT
Altay_CN,CN
Landshut_DE,DE
Benidorm_ES,ES
Regensburg_DE,DE
Münster_DE,DE
Frankfurt am Main_DE,DE
Avignon_FR,FR
Mulhouse_FR,FR
Mannheim_DE,DE
Porto Alegre_BR,BR
Alwar_IN,IN
Kochi_IN,IN
Alxa Left Banner_CN,CN
Alytus_LT,LT
Perpignan_FR,FR
Besançon_FR,FR
Amalapuram_IN,IN
Geneva_FR,FR
Metz_FR,FR
Liège_BE,BE
Caen_FR,FR
Ambajogai_IN,IN
Ambala_IN,IN
Bordeaux_FR,FR
Nottingham_GB,GB
Tours_FR,FR
Boulogne-sur-Mer_FR,FR
Massa_IT,IT
Campinas_BR,BR
Veenendaal_NL,NL
Amersfoort_NL,NL
Detroit_CA,CA
Thessaloniki_GR,GR
Amravati_IN,IN
Amreli_IN,IN
Thun_CH,CH
Erfurt_DE,DE
Chemnitz_DE,DE
Anakapalle_IN,IN
Anand_IN,IN
Belém_BR,BR
Anantapur_IN,IN
Anchorage_US,US
Ancona_IT,IT
Xinghua_CN,CN
Angers_FR,FR
Belfort_FR,FR
Pau_FR,FR
Calais_FR,FR
Melun_FR,FR
Andria_IT,IT
Saint-Étienne_FR,FR
Sankt Gallen_CH,CH
Bengaluru_IN,IN
Angarsk_RU,RU
Arnhem_NL,NL
Le Havre_FR,FR
Angoulême_FR,FR
Dundee_GB,GB
Târgoviște_RO,RO
Gandhidham_IN,IN
Montreal_CA,CA
Ankang_CN,CN
Ankara_TR,TR
Ankleshwar_IN,IN
Anlu_CN,CN
Vancouver_CA,CA
Takasaki [Maebashi]_JP,JP
Baltimore_US,US
Minneapolis [Saint Paul]_US,US
Anqing_CN,CN
兴安街道_CN,CN
Seoul_KR,KR
Anshan_CN,CN
Anshun_CN,CN
Pamplona_ES,ES
Antalya_TR,TR
Nice_FR,FR
Antofagasta_CL,CL
Fortaleza_BR,BR
Angul_IN,IN
Anyang_CN,CN
Kortrijk_BE,BE
Valenciennes_FR,FR
Anzio_IT,IT
Bologna_IT,IT
Anápolis_BR,BR
Aomori_JP,JP
Guaratinguetá_BR,BR
Apeldoorn_NL,NL
Monterrey_MX,MX
Bolzano - Bozen_IT,IT
Grenoble_FR,FR
Creil_FR,FR
Apucarana_BR,BR
Póvoa de Varzim_PT,PT
Aracaju_BR,BR
Arad_RO,RO
Santa Cruz de Tenerife_ES,ES
Araguari_BR,BR
Hamamatsu_JP,JP
Arakkonam_IN,IN
Arandas_MX,MX
Arni_IN,IN
Denver_US,US
Arapiraca_BR,BR
Arapongas_BR,BR
Araraquara_BR,BR
Araras_BR,BR
Curitiba_BR,BR
Araçatuba_BR,BR
Sorocaba_BR,BR
Venlo_NL,NL
Troyes_FR,FR
La Spezia_IT,IT
Freiburg im Üechtland_CH,CH
Le Mans_FR,FR
Orléans_FR,FR
Belfast_GB,GB
Genoa_IT,IT
Ferrol_ES,ES
Arezzo_IT,IT
Vila Velha_BR,BR
Greenock_GB,GB
Arica_CL,CL
Kinokawa [Wakayama]_JP,JP
Ariquemes_BR,BR
Sasebo_JP,JP
Arkhangelsk_RU,RU
Perth_AU,AU
Armavir_RU,RU
Dunkirk_FR,FR
Dresden_DE,DE
Arrecife_ES,ES
Terni_IT,IT
Vladivostok_RU,RU
Cosmópolis_BR,BR
Artush_CN,CN
Las Palmas de Gran Canaria_ES,ES
Aruppukkottai_IN,IN
Arzamas_RU,RU
Lorient_FR,FR
Asahikawa_JP,JP
Okayama_JP,JP
Cheonan-si_KR,KR
Asansol_IN,IN
Baton Rouge_US,US
Aschaffenburg_DE,DE
Hamm_DE,DE
Sherbrooke_CA,CA
Sydney_AU,AU
Ashford_GB,GB
Ashoknagar_IN,IN
Oslo_NO,NO
Bergen_NO,NO
Elx / Elche_ES,ES
Assis_BR,BR
Eindhoven_NL,NL
Astrakhan_RU,RU
Budapest_HU,HU
San Antonio_US,US
Mexico City_MX,MX
Atibaia_BR,BR
Atlantic City_US,US
Atlixco_MX,MX
Avellino_IT,IT
Karlsruhe_DE,DE
Freiburg im Breisgau_DE,DE
Montpellier_FR,FR
Clermont-Ferrand_FR,FR
Auckland_NZ,NZ
Montbéliard_FR,FR
Reims_FR,FR
Aurangabad_IN,IN
Montgomery_US,US
Poitiers_FR,FR
Avaré_BR,BR
Avilés_ES,ES
Takamatsu_JP,JP
Aydin_TR,TR
Aylesbury_GB,GB
Ottawa_CA,CA
Azov_RU,RU
Matsumoto_JP,JP
Pordenone_IT,IT
Gießen_DE,DE
Açailândia_BR,BR
Ingolstadt_DE,DE
Amritsar_IN,IN
Bacău_RO,RO
Cluj-Napoca_RO,RO
Rosenheim_DE,DE
Basel_DE,DE
Osnabrück_DE,DE
Gera_DE,DE
Halle (Saale)_DE,DE
Paderborn_DE,DE
Bielefeld_DE,DE
Lübeck_DE,DE
Oldenburg_DE,DE
Badajoz_ES,ES
Palermo_IT,IT
Brescia_IT,IT
Bagé_BR,BR
Delhi [New Delhi]_IN,IN
Berhampore_IN,IN
Bahraich_IN,IN
Baia Mare_RO,RO
Baicheng_CN,CN
Chartres_FR,FR
Vigo_ES,ES
Baise_CN,CN
Baishan_CN,CN
Baiyin_CN,CN
Rijeka_HR,HR
Balaghat_IN,IN
Balakovo_RU,RU
Moscow_RU,RU
Mobile_US,US
Regina_CA,CA
Balıkesir_TR,TR
Ballarat_AU,AU
Ballia_IN,IN
Itajaí_BR,BR
Bamberg_DE,DE
Toulon_FR,FR
Bandırma_TR,TR
Kolar Gold Fields_IN,IN
Rio de Janeiro_BR,BR
Kaiserslautern_DE,DE
Banská Bystrica_SK,SK
Melbourne_AU,AU
Baoding_CN,CN
Baoji_CN,CN
Baoshan_CN,CN
Baotou_CN,CN
Lucknow_IN,IN
Baramati_IN,IN
Bareilly_IN,IN
Bari_IT,IT
Magdeburg_DE,DE
Barletta_IT,IT
Barnala_IN,IN
Barnaul_RU,RU
Leeds_GB,GB
Salerno_IT,IT
Ipatinga_BR,BR
Belo Horizonte_BR,BR
Florianópolis_BR,BR
Barretos_BR,BR
Barrie_CA,CA
Atlanta_US,US
Indianapolis_US,US
Wolfsburg_DE,DE
Luxembourg_LU,LU
Pitești_RO,RO
Southend-on-Sea_GB,GB
Udine_IT,IT
Basingstoke_GB,GB
Béziers_FR,FR
Modena_IT,IT
Austin_US,US
Batatais_BR,BR
Bristol_GB,GB
Bathinda_IN,IN
Deventer_NL,NL
Batman_TR,TR
Bauru_BR,BR
Bayannur_CN,CN
Bayreuth_DE,DE
Bazhong_CN,CN
Cherbourg_FR,FR
Edmonton_CA,CA
Quebec_CA,CA
Beawar_IN,IN
Bebedouro_BR,BR
Bedford_GB,GB
Groningen_NL,NL
Maastricht_NL,NL
Bruges_BE,BE
Chittorgarh_IN,IN
Begusarai_IN,IN
Bei'an_CN,CN
Beihai_CN,CN
Beijing_CN,CN
São Carlos_BR,BR
Belagavi_IN,IN
Leipzig_DE,DE
Belgorod_RU,RU
Killeen_US,US
Rimini_IT,IT
Saint-Jérôme_CA,CA
Mons_BE,BE
Reutlingen_DE,DE
Bengbu_CN,CN
Cancún_MX,MX
Bento Gonçalves_BR,BR
Benxi_CN,CN
Beppu_JP,JP
Berezniki_RU,RU
Yekaterinburg_RU,RU
Krasnoyarsk_RU,RU
Roosendaal_NL,NL
New York_US,US
Reading_US,US
Mansa Nagar_IN,IN
Albuquerque_US,US
Prague_CZ,CZ
Forlì_IT,IT
Trento_IT,IT
Bielsko-Biała_PL,PL
Kempten (Allgäu)_DE,DE
Bhadravathi_IN,IN
Bharuch_IN,IN
Bhavnagar_IN,IN
Bhilwara_IN,IN
Bhimavaram_IN,IN
Mumbai_IN,IN
Hyderabad_IN,IN
Bhubaneshwar_IN,IN
Bhuj_IN,IN
Bhusawal_IN,IN
Bydgoszcz_PL,PL
Białystok_PL,PL
Płock_PL,PL
Katowice_PL,PL
Vijayapura_IN,IN
Chandausi_IN,IN
Bilaspur_IN,IN
Binzhou_CN,CN
Birigui_BR,BR
Pforzheim_DE,DE
Valletta_MT,MT
Birmingham_GB,GB
Bisceglie_IT,IT
Zagreb_HR,HR
Biysk_RU,RU
Helsingborg_SE,SE
Leicester_GB,GB
Split_HR,HR
Waterloo_US,US
Blackburn_GB,GB
Red Deer_CA,CA
Blackpool_GB,GB
Blagoveshchensk_RU,RU
Kitchener_CA,CA
Brno_CZ,CZ
Hilversum_NL,NL
Kalisz_PL,PL
Blumenau_BR,BR
Leeuwarden_NL,NL
Jena_DE,DE
Krakow_PL,PL
Ostrowiec Świętokrzyski_PL,PL
Rzeszów_PL,PL
Brest_FR,FR
Manchester_GB,GB
Cremona_IT,IT
Ribeirao Preto_BR,BR
Idaho Falls_US,US
Cincinnati_US,US
Sanremo_IT,IT
Helsinki_FI,FI
Obninsk_RU,RU
Nizhny Novgorod_RU,RU
Stockholm_SE,SE
Botucatu_BR,BR
Bournemouth_GB,GB
Saarbruecken_DE,DE
Meaux_FR,FR
Göttingen_DE,DE
Bozhou_CN,CN
Siegen_DE,DE
Blackwater_GB,GB
Bragança Paulista_BR,BR
Brahmapur_IN,IN
Brăila_RO,RO
Chelmsford_GB,GB
Brantford_CA,CA
Brasov_RO,RO
Bratislava_SK,SK
Bratsk_RU,RU
Ceilândia_BR,BR
Houston_US,US
College Station_US,US
Treviso_IT,IT
Bredene_BE,BE
Bremerhaven_DE,DE
London_GB,GB
Parma_IT,IT
Utrecht_NL,NL
Palm Bay_US,US
Ljubljana_SI,SI
Bridgend_GB,GB
Brindisi_IT,IT
Brisbane_AU,AU
Providence_US,US
Norwich_GB,GB
Binghamton_US,US
Miami_US,US
Heerlen_NL,NL
Warsaw_PL,PL
Bryansk_RU,RU
Allentown_US,US
Bugulma_RU,RU
Santiago_CL,CL
Louisville_US,US
Burgas_BG,BG
Burgos_ES,ES
Bismarck_US,US
Philadelphia_US,US
Malmö_SE,SE
Bursa_TR,TR
Busan_KR,KR
Verona_IT,IT
Chico_US,US
Buzău_RO,RO
Žilina_SK,SK
Trois-Rivières_CA,CA
Koszalin_PL,PL
João Pessoa_BR,BR
Torrelavega_ES,ES
Cabo Frio_BR,BR
Cachoeira do Sul_BR,BR
Cachoeiro de Itapemirim_BR,BR
Shreveport_US,US
Cadereyta Jiménez_MX,MX
Cardiff_GB,GB
Cagliari_IT,IT
Cairns_AU,AU
Ciudad Obregón_MX,MX
Vilanova i la Geltrú_ES,ES
Calama_CL,CL
Lake Charles_US,US
Caldas Novas_BR,BR
Novara_IT,IT
Appleton_US,US
Viareggio_IT,IT
Santander_ES,ES
Camaçari_BR,BR
Cambridge_GB,GB
Londrina_BR,BR
Campbelltown_AU,AU
Campina Grande_BR,BR
Novo Hamburgo_BR,BR
Campo Largo_BR,BR
Oklahoma City_US,US
Kannur_IN,IN
Canterbury_GB,GB
Nampa_US,US
Piacenza_IT,IT
Igualada_ES,ES
Tubarão_BR,BR
Pescara_IT,IT
Ponta Grossa_BR,BR
Carazinho_BR,BR
Salamanca_ES,ES
Carlisle_GB,GB
Swansea_GB,GB
Cosenza_IT,IT
Gijón_ES,ES
Winnipeg_CA,CA
Caruaru_BR,BR
Cascavel_BR,BR
Pisa_IT,IT
South Bend_US,US
Castanhal_BR,BR
Manresa_ES,ES
Cataguases_BR,BR
Catanduva_BR,BR
Lecce_IT,IT
Caxias do Sul_BR,BR
Caçador_BR,BR
Caçapava_BR,BR
Gdansk_PL,PL
Celaya_MX,MX
Milton Keynes_GB,GB
Victoria_CA,CA
Guelph_CA,CA
Villahermosa_MX,MX
Cerignola_IT,IT
Coimbra_PT,PT
Newcastle_AU,AU
Ceyhan_TR,TR
Chalkida_GR,GR
Challakere_IN,IN
Saint-Jean-sur-Richelieu_CA,CA
Champa_IN,IN
Champaign_US,US
Barbil_IN,IN
Chandigarh_IN,IN
Tirupati_IN,IN
Changchun_CN,CN
Taoyuan_CN,CN
Changge_CN,CN
Changji/Sanji_CN,CN
Changsha_CN,CN
Changshu_CN,CN
Changwon_KR,KR
Changzhi_CN,CN
Changzhou_CN,CN
Chania_GR,GR
Channapattana_IN,IN
Chaoyang_CN,CN
Jieyang_CN,CN
Guadalajara_MX,MX
Chapecó_BR,BR
Charleston_US,US
Cape Coral_US,US
Loughborough_GB,GB
Naha_JP,JP
Guruvayur_IN,IN
Nashville_US,US
Cheboksary_RU,RU
Nalchik_RU,RU
Gloucester_GB,GB
Chelyabinsk_RU,RU
Chennai_IN,IN
Kollam_IN,IN
Chengde_CN,CN
Chengdu_CN,CN
Chenzhou_CN,CN
Cheongju-si_KR,KR
Ulyanovsk_RU,RU
Cherepovets_RU,RU
Heraklion_GR,GR
Oxford_GB,GB
Virginia Beach_US,US
Crewe_GB,GB
West Chester_US,US
Sheffield_GB,GB
Richmond_US,US
Chełm_PL,PL
Toruń_PL,PL
Chhindwara_IN,IN
Chidambaram_IN,IN
Chifeng_CN,CN
Chihuahua_MX,MX
Nippani_IN,IN
Fukuoka_JP,JP
Kitakyushu_JP,JP
Nagano_JP,JP
Oyama_JP,JP
Gumi-si_KR,KR
Chillán_CL,CL
Chimur_IN,IN
Pilani_IN,IN
Wadi_IN,IN
Chita_RU,RU
Chongming_CN,CN
Chongqing_CN,CN
Surat_IN,IN
Preston_GB,GB
Christchurch_NZ,NZ
Pardubice_CZ,CZ
Chuncheon-si_KR,KR
Chungju-si_KR,KR
Lucheng_CN,CN
Chuzhou_CN,CN
Saint-Brieuc_FR,FR
Mobara_JP,JP
Cianorte_BR,BR
Cape Town_ZA,ZA
Johannesburg_ZA,ZA
Saint Petersburg_RU,RU
Pretoria_ZA,ZA
Ciudad Real_ES,ES
Ciudad Valles_MX,MX
Cixi_CN,CN
Portland_US,US
Larbert_GB,GB
Hobart_AU,AU
Saskatoon_CA,CA
Lethbridge_CA,CA
Xalapa_MX,MX
Coatzacoalcos_MX,MX
Poza Rica_MX,MX
Rancagua_CL,CL
Coimbatore_IN,IN
Colatina_BR,BR
Colchester_GB,GB
Colima_MX,MX
Naples_US,US
Dallas_US,US
Lawton_US,US
Ragusa_IT,IT
Concepción_CL,CL
St. John's_CA,CA
Conghua_CN,CN
Conselheiro Lafaiete_BR,BR
Constanța_RO,RO
Chicago_US,US
La Serena_CL,CL
Corby_GB,GB
Perugia_IT,IT
Limeira_BR,BR
Cork_IE,IE
Puebla_MX,MX
Coronel_CL,CL
Querétaro_MX,MX
Cortazar_MX,MX
Jaraguá do Sul_BR,BR
Craiova_RO,RO
Swindon_GB,GB
Cottbus_DE,DE
Coventry_GB,GB
Nanaimo_CA,CA
San Miguel de Cozumel_MX,MX
Târgu Mureș_RO,RO
Fort Smith_US,US
Tulsa_US,US
Criciúma_BR,BR
Zwickau_DE,DE
Cuddalore_IN,IN
Kadapa_IN,IN
Cuernavaca_MX,MX
Culiacán_MX,MX
Cleveland_US,US
Wałbrzych_PL,PL
Rybnik_PL,PL
Poznan_PL,PL
Częstochowa_PL,PL
Cáceres_ES,ES
Cáceres_BR,BR
Cádiz_ES,ES
Cárdenas_MX,MX
Funchal_PT,PT
Córdoba_ES,ES
Daegu_KR,KR
Daejeon_KR,KR
Dafeng_CN,CN
Zwolle_NL,NL
Dali_CN,CN
Dalian_CN,CN
Damoh_IN,IN
Patna_IN,IN
Dandong_CN,CN
Madison_US,US
Dangyang_CN,CN
Danzhou_CN,CN
Ranghulu_CN,CN
Darbhanga_IN,IN
Darjeeling_IN,IN
Darlington_GB,GB
Fukushima_JP,JP
Datong_CN,CN
Yunzhou_CN,CN
Daugavpils_LV,LV
Daund_IN,IN
Harrisburg_US,US
Davanagere_IN,IN
Rugby_GB,GB
Winston-Salem_US,US
Owensboro_US,US
Ogden_US,US
Dazhou_CN,CN
Huangshi_CN,CN
Quxian_CN,CN
Debrecen_HU,HU
Dehradun_IN,IN
Dejiang_CN,CN
Oaxaca_MX,MX
Dengfeng_CN,CN
Londonderry/Derry_GB,GB
Memphis_US,US
Deoghar_IN,IN
Deyang_CN,CN
Dezhou_CN,CN
Dhaka_IN,IN
Dhanbad_IN,IN
Indore_IN,IN
Dharmapuri_IN,IN
Dharwad_IN,IN
Dhule_IN,IN
Moncton_CA,CA
Bethlehem_ZA,ZA
Dindigul_IN,IN
Fulda_DE,DE
Divinópolis_BR,BR
Diyarbakir_TR,TR
Opole_PL,PL
Rochester_US,US
Las Cruces_US,US
Dongducheon-si_KR,KR
Tilburg_NL,NL
Guangzhou_CN,CN
Yiwu_CN,CN
东营区_CN,CN
Omaha_US,US
Dourados_BR,BR
Margate_GB,GB
Paarl_ZA,ZA
Hoorn_NL,NL
Drobeta-Turnu Severin_RO,RO
Dublin_IE,IE
Dubuque_US,US
Norilsk_RU,RU
Dunedin_NZ,NZ
Maribor_SI,SI
Durango_MX,MX
Durg_IN,IN
Middlesbrough_GB,GB
Jacksonville_US,US
Duyun_CN,CN
Mithapur_IN,IN
Olsztyn_PL,PL
Duren_DE,DE
Dusseldorf_DE,DE
Düzce_TR,TR
Düziçi_TR,TR
Wroclaw_PL,PL
Ayr_GB,GB
Exeter_GB,GB
Glasgow_GB,GB
Portsmouth_GB,GB
Edinburgh_GB,GB
Hull_GB,GB
Stoke-on-Trent_GB,GB
Eastbourne_GB,GB
Lansing_US,US
Klagenfurt_AT,AT
Sapporo_JP,JP
Ezhou_CN,CN
Fukui_JP,JP
Odessa_US,US
Savannah_US,US
Ibiza_ES,ES
Sacramento_US,US
Ciudad Mante_MX,MX
Jerez_ES,ES
Gronowo Górne_PL,PL
Elda_ES,ES
Elektrostal_RU,RU
Elista_RU,RU
Emalahleni_ZA,ZA
Emeishan_CN,CN
Saratov_RU,RU
Uppsala_SE,SE
Wuppertal_DE,DE
Enshi_CN,CN
Jalgaon_IN,IN
Erechim_BR,BR
Trapani_IT,IT
Buffalo_US,US
Mönchengladbach_DE,DE
Erode_IN,IN
Erzurum_TR,TR
Eskisehir_TR,TR
Lund_SE,SE
Marbella_ES,ES
Lajeado_BR,BR
Durban_ZA,ZA
Sao Jose dos Campos_BR,BR
Eunápolis_BR,BR
Elk_PL,PL
Kotkapura_IN,IN
Lexington_US,US
Fazenda Rio Grande_BR,BR
Trier_DE,DE
Fenghua_CN,CN
Fenyang_CN,CN
Fernandópolis_BR,BR
Ferrara_IT,IT
Firozabad_IN,IN
Palm Coast_US,US
Flensburg_DE,DE
Focșani_RO,RO
Foggia_IT,IT
Oshkosh_US,US
Formiga_BR,BR
Formosa_BR,BR
St. Catharines_CA,CA
Guangzhou_CN,CN
Ciudad del Este_BR,BR
Franca_BR,BR
Francisco Beltrão_BR,BR
Frederick_US,US
Fresnillo_MX,MX
Fresno_US,US
Fukuyama_JP,JP
Fuding_CN,CN
Mishima_JP,JP
Shizuoka_JP,JP
Hirosaki_JP,JP
Iizuka_JP,JP
Toyama_JP,JP
Fuqing_CN,CN
Fushun_CN,CN
Fuxin_CN,CN
Fuzhou_CN,CN
Gadag_IN,IN
Tallahassee_US,US
Galați_RO,RO
Galway_IE,IE
Toyohashi_JP,JP
Vigevano_IT,IT
Sri Ganganagar_IN,IN
Ganzhou_CN,CN
Gaoan_CN,CN
Gaocheng_CN,CN
Gaomi_CN,CN
Gaoping_CN,CN
Zhaoqing_CN,CN
García_MX,MX
Reykjavik_IS,IS
Charlotte_US,US
Newcastle upon Tyne_GB,GB
Gaya_IN,IN
Orsk_RU,RU
Istanbul_TR,TR
Gejiu_CN,CN
Gela_IT,IT
Novorossiysk_RU,RU
Gemlik_TR,TR
Flint_US,US
Geoje-si_KR,KR
George_ZA,ZA
Timișoara_RO,RO
Ruse_RO,RO
Glazov_RU,RU
Gniezno_PL,PL
Mandideep_IN,IN
Goiana_BR,BR
Gold Coast_AU,AU
Szczecin_PL,PL
Gonda_IN,IN
Gondal_IN,IN
Hachinohe_JP,JP
Gorakhpur_IN,IN
Volgograd_RU,RU
Gorzów Wielkopolski_PL,PL
Governador Valadares_BR,BR
Great Yarmouth_GB,GB
Geelong_AU,AU
Longview_US,US
Grosseto_IT,IT
Grozny_RU,RU
Guanajuato_MX,MX
Guang'an_CN,CN
Gongnong_CN,CN
Sao Goncalo_BR,BR
Guarapari_BR,BR
Guarapuava_BR,BR
Torrevieja_ES,ES
Santos_BR,BR
Guasave_MX,MX
Guaíba_BR,BR
Vellore_IN,IN
Guigang_CN,CN
Greensboro_US,US
Guilin_CN,CN
Guiyang_CN,CN
Kalaburagi_IN,IN
Gunsan-si_KR,KR
Gunupur_IN,IN
Kaliningrad_RU,RU
Gurdaspur_IN,IN
Gurupi_BR,BR
Guwahati_IN,IN
Guyuan_CN,CN
Gwalior_IN,IN
Gwangju_KR,KR
Suncheon-si_KR,KR
Pohang-si_KR,KR
Kumamoto_JP,JP
Győr_HU,HU
Kielce_PL,PL
İzmit_TR,TR
Kayseri_TR,TR
Utsunomiya_JP,JP
Haicheng_CN,CN
Haikou_CN,CN
Haimen_CN,CN
Haining_CN,CN
Hakodate_JP,JP
Kanazawa_JP,JP
Halifax_CA,CA
Örebro_SE,SE
Västerås_SE,SE
York_GB,GB
Hamilton_NZ,NZ
Hamirpur_IN,IN
Springfield_US,US
Hanchuan_CN,CN
Handan_CN,CN
Hangzhou_CN,CN
Warangal_IN,IN
Hanzhong_CN,CN
Port Arthur_US,US
Haridwar_IN,IN
Tallinn_EE,EE
Harrogate_GB,GB
Hartford_US,US
Kōchi_JP,JP
Hassan_IN,IN
St Leonards_GB,GB
Antakya_TR,TR
Kodoli_IN,IN
Hiroshima_JP,JP
Hazaribagh_IN,IN
Hebi_CN,CN
Jīnchéngjiāng_CN,CN
Hefei_CN,CN
Hegang_CN,CN
Blagoveshchensk_CN,CN
Hejin_CN,CN
Longjing_CN,CN
Evansville_US,US
Hengshui_CN,CN
Hengyang_CN,CN
Hermosillo_MX,MX
Spring Hill_US,US
Guangzhou_CN,CN
Heyuan_CN,CN
Heze_CN,CN
Hezhang_CN,CN
Hezhou_CN,CN
McAllen_US,US
Yonago_JP,JP
Matsue_JP,JP
Ishinomaki_JP,JP
Yamagata_JP,JP
Shunan_JP,JP
Izumo_JP,JP
Tampa_US,US
Hindupur_IN,IN
Nagpur_IN,IN
Hisar_IN,IN
Mito_JP,JP
Hohhot_CN,CN
Fayetteville_US,US
Iași_RO,RO
Honolulu_US,US
Palmerston North_NZ,NZ
Neeleshwaram_IN,IN
Hoshangabad_IN,IN
Hosapete_IN,IN
Hradec Králové_CZ,CZ
Huadian_CN,CN
Huaibei_CN,CN
Huaihua_CN,CN
Tianjia‘an_CN,CN
Huangmei_CN,CN
Huangshan_CN,CN
Xinxiang_CN,CN
Huizhou_CN,CN
Sankeshwara_IN,IN
Huludao_CN,CN
Hulunbuir_CN,CN
Hunchun_CN,CN
Peterborough_GB,GB
Deqing_CN,CN
Hōfu_JP,JP
Lafayette_US,US
Kai [Kofu]_JP,JP
Idar_IN,IN
Takamori_JP,JP
Ijuí_BR,BR
Iksan-si_KR,KR
Paramakkudi_IN,IN
Imabari_JP,JP
Imperatriz_BR,BR
Imphal_IN,IN
Indaiatuba_BR,BR
London_CA,CA
Inowrocław_PL,PL
Ioannina_GR,GR
Yoshkar-Ola_RU,RU
São José do Rio Preto_BR,BR
Ipswich_GB,GB
Iquique_CL,CL
Irapuato_MX,MX
Irecê_BR,BR
Irkutsk_RU,RU
Vitoria-Gasteiz_ES,ES
Isahaya_JP,JP
Ise_JP,JP
Ishim_RU,RU
Novosibirsk_RU,RU
Isparta_TR,TR
Zelenograd_RU,RU
Itabira_BR,BR
Itabuna_BR,BR
Itajubá_BR,BR
Kamisu_JP,JP
Messina_IT,IT
Itaperuna_BR,BR
Itapetininga_BR,BR
Itapeva_BR,BR
Itapira_BR,BR
Itatiba_BR,BR
Itaúna_BR,BR
Itu_BR,BR
Ituiutaba_BR,BR
Ivanovo_RU,RU
Ulan-Ude_RU,RU
泉町黒須野_JP,JP
Sendai_JP,JP
Orizaba_MX,MX
Córdoba_MX,MX
Matsuyama_JP,JP
Izmir_TR,TR
Jabalpur_IN,IN
Liberec_CZ,CZ
Jaboticabal_BR,BR
Kansas City_US,US
Yamunanagar_IN,IN
Jaipur_IN,IN
Jalandhar_IN,IN
Jalpaiguri_IN,IN
Jamshedpur_IN,IN
Jamui_IN,IN
Jangipur_IN,IN
Jelenia Góra_PL,PL
Lublin_PL,PL
Jataí_BR,BR
Legnica_PL,PL
Jaén_ES,ES
Jaú_BR,BR
Radom_PL,PL
Jeonju_KR,KR
Jequié_BR,BR
St. Louis_US,US
Jharsuguda_IN,IN
Jizhou_CN,CN
Jiamusi_CN,CN
Jiande_CN,CN
Yangzhou_CN,CN
Jiangjin_CN,CN
Jiangshan_CN,CN
Taizhou_CN,CN
Zhangjiagang_CN,CN
Jiangyou_CN,CN
Jiaohe_CN,CN
Huangdao_CN,CN
Jiaozuo_CN,CN
Jiaxing_CN,CN
Jiayuguan_CN,CN
Jilin_CN,CN
Qingdao_CN,CN
Jinan_CN,CN
Jinchang_CN,CN
Jind_IN,IN
Jingdezhen_CN,CN
Jinghai_CN,CN
Jinghong_CN,CN
Jiangyin_CN,CN
Jinhua_CN,CN
Jining_CN,CN
Quanzhou_CN,CN
Jinju-si_KR,KR
Jinsha_CN,CN
Lixian_CN,CN
Jinzhong_CN,CN
Jinzhou_CN,CN
Jishou_CN,CN
Jiujiang_CN,CN
Jiuquan_CN,CN
Jiutai_CN,CN
Joinville_BR,BR
Jorhat_IN,IN
Zihuatanejo_MX,MX
Junagadh_IN,IN
Jurong_CN,CN
Ciudad Juárez_MX,MX
Jyväskylä_FI,FI
Joetsu_JP,JP
Turku_FI,FI
Kadiri_IN,IN
Nobeoka_JP,JP
Koriyama_JP,JP
Kaifeng_CN,CN
Kaili_CN,CN
Kaiping_CN,CN
Kaiyuan_CN,CN
Kirishima_JP,JP
Kakinada_IN,IN
Tver_RU,RU
Sankarapuram_IN,IN
Kalmeshwar_IN,IN
Kaluga_RU,RU
Kamensk-Uralsky_RU,RU
Vladimir_RU,RU
Kan'onji_JP,JP
Kanchipuram_IN,IN
Kandukur_IN,IN
Tampere_FI,FI
Kankakee_US,US
Kannauj_IN,IN
Kanpur_IN,IN
Saga_JP,JP
Kapurthala_IN,IN
Karaman_TR,TR
Karamay_CN,CN
Karimnagar_IN,IN
Karjat_IN,IN
Karnal_IN,IN
Ostrava_CZ,CZ
Kalka_IN,IN
Kasganj_IN,IN
Kashgar_CN,CN
Katihar_IN,IN
Katol_IN,IN
Kaunas_LT,LT
Miskolc_HU,HU
Kemerovo_RU,RU
Oulu_FI,FI
Racine_US,US
Grand Rapids_US,US
Kurgan_RU,RU
Green Bay_US,US
Khabarovsk_RU,RU
Nagda_IN,IN
Khammam_IN,IN
Mandi Gobindgarh_IN,IN
Hotan_CN,CN
Bundu_IN,IN
Wollongong_AU,AU
Seattle_US,US
Hanford_US,US
Kingston_CA,CA
Kirov_RU,RU
Kitami_JP,JP
Miyazaki_JP,JP
Kladno_CZ,CZ
Klaipėda_LT,LT
Stavanger_NO,NO
Trondheim_NO,NO
Liverpool_GB,GB
Knoxville_US,US
Jhumri Tilaiya_IN,IN
Murmansk_RU,RU
Kolar_IN,IN
Kolomna_RU,RU
Moriyama [Otsu]_JP,JP
Komsomolsk-on-Amur_RU,RU
Spokane_US,US
Korba_IN,IN
Tianshan_CN,CN
Kostroma_RU,RU
Kota_IN,IN
Kothagudem_IN,IN
Ravulapalem_IN,IN
Ettumanoor_IN,IN
Kozhikode_IN,IN
Košice_SK,SK
Krasnodar_RU,RU
Neftekamsk_RU,RU
Krishnagiri_IN,IN
Krishnanagar_IN,IN
Kumbakonam_IN,IN
Kunming_CN,CN
Suzhou_CN,CN
Kuopio_FI,FI
Kure_JP,JP
Kursk_RU,RU
Kushiro_JP,JP
Kyzyl_RU,RU
Kütahya_TR,TR
La Crosse_US,US
Puerto de la Cruz_ES,ES
Cabo San Lucas_MX,MX
Labinsk_RU,RU
Scranton_US,US
Lages_BR,BR
Sobradinho_BR,BR
Lagos de Moreno_MX,MX
Kazan_RU,RU
Laiwu_CN,CN
Laiyang_CN,CN
Laizhou_CN,CN
Detroit_US,US
Lakhimpur_IN,IN
Tiruchirappalli_IN,IN
Lancaster_GB,GB
Eugene_US,US
Shengfang_CN,CN
Kotdwar_IN,IN
Lanxi_CN,CN
Lanzhou_CN,CN
Cheyenne_US,US
Loveland_US,US
Larissa_GR,GR
Latina_IT,IT
Latur_IN,IN
Mancherial_IN,IN
Lancaster_US,US
Leizhou_CN,CN
Standerton_ZA,ZA
Leme_BR,BR
Pyatigorsk_RU,RU
Leshan_CN,CN
Columbia_US,US
León_MX,MX
León_ES,ES
Lhasa_CN,CN
Lianjiang_CN,CN
Lianyungang_CN,CN
Liaocheng_CN,CN
Liaoyang_CN,CN
Liaoyuan_CN,CN
Huntsville_US,US
Lincoln_GB,GB
Lingyuan_CN,CN
Linhai_CN,CN
Linköping_SE,SE
Cedar Rapids_US,US
Linqing_CN,CN
Linxia_CN,CN
Linyi_CN,CN
Lipetsk_RU,RU
Lishui_CN,CN
Liuzhou_CN,CN
Ann Arbor_US,US
Livny_RU,RU
Livorno_IT,IT
Oviedo_ES,ES
Lleida_ES,ES
Langfang_CN,CN
Xiamen_CN,CN
Longkou_CN,CN
Longnan_CN,CN
Longshan_CN,CN
Longyan_CN,CN
Lorain_US,US
Los Ángeles_CL,CL
Los Angeles_US,US
Louxing_CN,CN
Wellington_NZ,NZ
Lubbock_US,US
Lubin_PL,PL
Toledo_US,US
Ludhiana_IN,IN
Komani (Queenstown)_ZA,ZA
Luohe_CN,CN
Luoyang_CN,CN
Luton_GB,GB
Wilkes-Barre_US,US
Luzhou_CN,CN
Saransk_RU,RU
Lysva_RU,RU
Lázaro Cárdenas_MX,MX
Ma'anshan_CN,CN
Macapá_BR,BR
Machilipatnam_IN,IN
Springfield_US,US
Madanapalle_IN,IN
Madera_US,US
Margao_IN,IN
Madhepura_IN,IN
Madurai_IN,IN
Mafikeng_ZA,ZA
Magadan_RU,RU
Mahasamund_IN,IN
Youngstown_US,US
Mainpuri_IN,IN
São Roque_BR,BR
Makhanda (Grahamstown)_ZA,ZA
Makhachkala_RU,RU
Malatya_TR,TR
Malda_IN,IN
Dhuri_IN,IN
Worcester_GB,GB
Bradenton_US,US
Manavgat_TR,TR
Mandi_IN,IN
Mandurah_AU,AU
Mandya_IN,IN
Mangaluru_IN,IN
Bloemfontein_ZA,ZA
Manisa_TR,TR
Veracruz_MX,MX
Manzanillo_MX,MX
Maoming_CN,CN
Mestre_IT,IT
Phoenix_US,US
Maringá_BR,BR
Valdivia_CL,CL
Plovdiv_BG,BG
Port St. Lucie_US,US
Marília_BR,BR
Taranto_IT,IT
Torreon_MX,MX
Mathura_IN,IN
Matão_BR,BR
Mau_IN,IN
Talca_CL,CL
Maykop_RU,RU
Mazatlán_MX,MX
Waco_US,US
Medak_IN,IN
Meerut_IN,IN
Meihekou_CN,CN
Meishan_CN,CN
Meizhou_CN,CN
Dimitrovgrad_RU,RU
Salavat_RU,RU
Melilla_ES,ES
Obihiro_JP,JP
Naberezhnye Chelny_RU,RU
Mengzi_CN,CN
Merced_US,US
Mersin_TR,TR
Grand Junction_US,US
Sasolburg_ZA,ZA
Mettupalayam_IN,IN
Mexicali_MX,MX
Mezhdurechensk_RU,RU
Mianyang_CN,CN
Boston_US,US
Saginaw_US,US
Milwaukee_US,US
Minatitlán_MX,MX
Minhe_CN,CN
Sioux Falls_US,US
Minquan_CN,CN
Abakan_RU,RU
Ürümqi_CN,CN
Mirzapur_IN,IN
Miyakonojo_JP,JP
Ōmuta_JP,JP
Moga_IN,IN
Mokopane_ZA,ZA
Lake Havasu City_US,US
Mogi Guaçu_BR,BR
Molfetta_IT,IT
Monclova_MX,MX
Monterey_US,US
Montes Claros_BR,BR
Kroonstad_ZA,ZA
Moradabad_IN,IN
Campos dos Goytacazes_BR,BR
Morbi_IN,IN
Morelia_MX,MX
Morena_IN,IN
Morioka_JP,JP
Mossoró_BR,BR
Ermelo_ZA,ZA
Mokpo-si_KR,KR
Mudanjiang_CN,CN
Triest_IT,IT
Murom_RU,RU
Muroran_JP,JP
Columbus_US,US
Muzaffarnagar_IN,IN
Muzaffarpur_IN,IN
Mysuru_IN,IN
Mérida_MX,MX
Pelotas_BR,BR
Nabha_IN,IN
Nadiad_IN,IN
Novy Urengoy_RU,RU
Patras_GR,GR
Nagaoka_JP,JP
Hojai_IN,IN
Nagapattinam_IN,IN
Nagasaki_JP,JP
Nagaur_IN,IN
Nagqu_CN,CN
Nahodka_RU,RU
Nalgonda_IN,IN
Namakkal_IN,IN
Nanchang_CN,CN
Nanchong_CN,CN
Nanded-Waghala_IN,IN
Nandurbar_IN,IN
Nandyal_IN,IN
Nanjanagudu_IN,IN
Nanjing_CN,CN
Nankang_CN,CN
Nanning_CN,CN
Rupadiya_IN,IN
Nanping_CN,CN
Nantong_CN,CN
Nanyang_CN,CN
Concord_US,US
Nashik_IN,IN
Navojoa_MX,MX
Navsari_IN,IN
Nayong_CN,CN
Neijiang_CN,CN
Taganrog_RU,RU
Nellore_IN,IN
Port Elizabeth_ZA,ZA
Nevinnomyssk_RU,RU
Bridgeport_US,US
Thiruvananthapuram_IN,IN
Niigata_JP,JP
Niihama_JP,JP
Neemuch_IN,IN
Dongjingcheng_CN,CN
Ningbo_CN,CN
Gutian_CN,CN
Ningguo_CN,CN
Tianjin_CN,CN
Nizamabad_IN,IN
Nizhnekamsk_RU,RU
Nizhny Tagil_RU,RU
Niğde_TR,TR
Manaus_BR,BR
Odense_DK,DK
Norrköping_SE,SE
Bangor_GB,GB
Grimsby_GB,GB
Stevenage_GB,GB
Scunthorpe_GB,GB
Fazeley_GB,GB
Northampton_GB,GB
Goiânia_BR,BR
Nova Friburgo_BR,BR
Nova Serrana_BR,BR
Novocherkassk_RU,RU
Samara_RU,RU
Novokuznetsk_RU,RU
Voronezh_RU,RU
Nowy Sącz_PL,PL
Corpus Christi_US,US
Nuevo Laredo_MX,MX
Södertälje_SE,SE
Nyíregyháza_HU,HU
Natal_BR,BR
Ordu_TR,TR
Navarre_US,US
Okaya_JP,JP
Olomouc_CZ,CZ
Oltenița_RO,RO
Omsk_RU,RU
Ongole_IN,IN
Syracuse_US,US
Rochester_US,US
Oradea_RO,RO
Ordos_CN,CN
Orekhovo-Zouïevo_RU,RU
Oryol_RU,RU
Orenburg_RU,RU
New Orleans_US,US
Orlando_US,US
Osijek_HR,HR
Ostrów Wielkopolski_PL,PL
Otaru_JP,JP
Peterborough_CA,CA
Holland_US,US
Oudtshoorn_ZA,ZA
Ourense_ES,ES
Ourinhos_BR,BR
Palampur_IN,IN
Palencia_ES,ES
Palakkad_IN,IN
Setúbal_PT,PT
Palwal_IN,IN
Panaji_IN,IN
Panevėžys_LT,LT
Panipat_IN,IN
Panjin_CN,CN
Panna_IN,IN
Rourkela_IN,IN
Panshi_CN,CN
Panzhihua_CN,CN
Paranaguá_BR,BR
Parauapebas_BR,BR
Parbhani_IN,IN
Parnaíba_BR,BR
Ramtek_IN,IN
Parvathipuram_IN,IN
Pará de Minas_BR,BR
Passo Fundo_BR,BR
Passos_BR,BR
Patan_IN,IN
Patiala_IN,IN
Pato Branco_BR,BR
Patos de Minas_BR,BR
Pune_IN,IN
São Luís_BR,BR
Pen_IN,IN
Penza_RU,RU
Penápolis_BR,BR
Peoria_US,US
Perambalur_IN,IN
Theni_IN,IN
Perm_RU,RU
Sofia_BG,BG
Dunfermline_GB,GB
Pesaro_IT,IT
Sarnia_CA,CA
Phagwara_IN,IN
Phaltan_IN,IN
Piatra Neamț_RO,RO
Piedras Negras_MX,MX
Tucson_US,US
Pingdingshan_CN,CN
Pingdu_CN,CN
Pinghu_CN,CN
Pingliang_CN,CN
Pingxiang_CN,CN
Piracicaba_BR,BR
Pirapora_BR,BR
Pirassununga_BR,BR
Pistoia_IT,IT
Piła_PL,PL
Pleven_BG,BG
Ploiești_RO,RO
Plymouth_GB,GB
Brockton_US,US
Pilsen_CZ,CZ
Jangareddygudem_IN,IN
Des Moines_US,US
Pollachi_IN,IN
Polokwane_ZA,ZA
Ponda_IN,IN
Akron_US,US
União da Vitória_BR,BR
Porto Velho_BR,BR
Amarillo_US,US
Pouso Alegre_BR,BR
Poços de Caldas_BR,BR
Dayton_US,US
Presidente Prudente_BR,BR
Prešov_SK,SK
Vladikavkaz_RU,RU
Petrozavodsk_RU,RU
Proddatur_IN,IN
Puducherry_IN,IN
Pudukkottai_IN,IN
Pueblo_US,US
Puerto Montt_CL,CL
Puerto Peñasco_MX,MX
Puerto Vallarta_MX,MX
Punta Arenas_CL,CL
Putian_CN,CN
Nagari_IN,IN
Puyang_CN,CN
Pátzcuaro_MX,MX
Pécs_HU,HU
Songyuan_CN,CN
Qianjiang_CN,CN
Qianxi_CN,CN
Qidong_CN,CN
Huai'an_CN,CN
Qingyang_CN,CN
Qingyuan_CN,CN
Qingzhou_CN,CN
Qinhuangdao_CN,CN
Qinzhou_CN,CN
Qionglai_CN,CN
Qiqihar_CN,CN
Xinxing_CN,CN
兖州区_CN,CN
La Calera_CL,CL
Viña del Mar [Valparaíso]_CL,CL
Maceió_BR,BR
Taubaté_BR,BR
Qujing_CN,CN
Quzhou_CN,CN
Sete Lagoas_BR,BR
Rae Bareli_IN,IN
Rahuri_IN,IN
Raichur_IN,IN
Raipur_IN,IN
Rajamahendravaram_IN,IN
Rajampet_IN,IN
Rajapalaiyam_IN,IN
Rajkot_IN,IN
Ranchi_IN,IN
Aarhus_DK,DK
Ranebennur_IN,IN
Rasipuram_IN,IN
Ratlam_IN,IN
Ratnagiri_IN,IN
Ravenna_IT,IT
Reading_GB,GB
Redditch_GB,GB
Reggio Calabria_IT,IT
Volta Redonda_BR,BR
Petrolina_BR,BR
Campo Grande_BR,BR
Renqiu_CN,CN
"Rewa, Madhya Pradesh_IN",IN
Reynosa_MX,MX
Riga_LV,LV
Los Andes_CL,CL
Rio Claro_BR,BR
Rio Grande_BR,BR
Rio Verde_BR,BR
Rio das Ostras_BR,BR
Rize_TR,TR
Rizhao_CN,CN
Roanoke_US,US
Davenport_US,US
Janesville_US,US
Rockingham_AU,AU
Rohtak_IN,IN
Curicó_CL,CL
Rondonópolis_BR,BR
Roorkee_IN,IN
Ruse_BG,BG
Wenzhou_CN,CN
Rupnagar_IN,IN
Rushan_CN,CN
Rustenburg_ZA,ZA
Murfreesboro_US,US
Ryazan_RU,RU
Karabük_TR,TR
Sagar_IN,IN
Saharanpur_IN,IN
Ueda_JP,JP
Sakarya [Adapazarı]_TR,TR
Salt Lake City_US,US
Saltillo_MX,MX
Samsun_TR,TR
Pachuca_MX,MX
Tijuana_US,US
San Fernando_CL,CL
Tracy_US,US
San Juan del Río_MX,MX
San Luis Potosí_MX,MX
San Luis Río Colorado_MX,MX
Texmelucan_MX,MX
Ube_JP,JP
Toranagallu_IN,IN
Sangamner_IN,IN
Sangli_IN,IN
Şanlıurfa_TR,TR
Sanmenxia_CN,CN
Santa Barbara_US,US
Santa Cruz do Sul_BR,BR
Santa Cruz_US,US
Pensacola_US,US
Sanya_CN,CN
Sarapul_RU,RU
Sassari_IT,IT
Satara_IN,IN
Sivakasi_IN,IN
Satu Mare_RO,RO
Sault Ste. Marie_CA,CA
Sawai Madhopur_IN,IN
Taunton_GB,GB
Konya_TR,TR
Sertãozinho_BR,BR
Shahdol_IN,IN
Shahjahanpur_IN,IN
Shanghai_CN,CN
Shangluo_CN,CN
Shangqiu_CN,CN
Shangrao_CN,CN
Sanming_CN,CN
Shanwei_CN,CN
Shaoguan_CN,CN
Shaoyang_CN,CN
Topeka_US,US
Tula_RU,RU
Yeysk_RU,RU
Shenyang_CN,CN
Guangzhou_CN,CN
Shihezi_CN,CN
Shijiazhuang_CN,CN
Sirsaganj_IN,IN
Shikoku-Chuo_JP,JP
Shillong_IN,IN
Shimla_IN,IN
Shivamogga_IN,IN
Lakshmeshvara_IN,IN
Shiyan_CN,CN
Shizuishan_CN,CN
Stavropol_RU,RU
Shuangyashan_CN,CN
Shulan_CN,CN
Shuozhou_CN,CN
Sibiu_RO,RO
Nazira_IN,IN
Siddhapur_IN,IN
Silao_MX,MX
Siliguri_IN,IN
Sillod_IN,IN
Sinan_CN,CN
Gongzhuling_CN,CN
Syracuse_IT,IT
Sirkazhi_IN,IN
Kaghaznagar_IN,IN
Sitamarhi_IN,IN
Sitapur_IN,IN
Sivaganga_IN,IN
Sivas_TR,TR
Slatina_RO,RO
Smolensk_RU,RU
Sobral_BR,BR
Sochi_RU,RU
Sokcho-si_KR,KR
Kimberley_ZA,ZA
Solapur_IN,IN
Santa Rosa_US,US
Sopron_HU,HU
Burton-on-Trent_GB,GB
Yugorsk_RU,RU
Sri Kalahasti_IN,IN
Srikakulam_IN,IN
Modesto_US,US
Stara Zagora_BG,BG
Canton_US,US
Tolyatti_RU,RU
Saint Cloud_US,US
Sterlitamak_RU,RU
Middelburg_ZA,ZA
Reno_US,US
Ames_US,US
Warwick_GB,GB
Feira de Santana_BR,BR
Suceava_RO,RO
Suihua_CN,CN
Suining_CN,CN
Guangshui_CN,CN
Suizhou_CN,CN
Peddapalli_IN,IN
Suqian_CN,CN
Suryapet_IN,IN
Yuba City_US,US
Syzran_RU,RU
Szeged_HU,HU
Szombathely_HU,HU
São Borja_BR,BR
São João da Boa Vista_BR,BR
São João del-Rei_BR,BR
São Sebastião do Paraíso_BR,BR
Tacheng/Sawesek_CN,CN
Tai'an_CN,CN
Taiyuan_CN,CN
XianJu_CN,CN
Nagercoil_IN,IN
Talavera de la Reina_ES,ES
Tambov_RU,RU
Tangshan_CN,CN
Tapachula_MX,MX
Tartu_EE,EE
Tatuí_BR,BR
Tauranga_NZ,NZ
Taxco_MX,MX
Abilene_US,US
Tczew_PL,PL
Tecoman_MX,MX
Tehuacán_MX,MX
Torquay_GB,GB
Tekirdağ_TR,TR
Telford_GB,GB
Colorado Springs_US,US
Telêmaco Borba_BR,BR
Temuco_CL,CL
Tenali_IN,IN
Kadayanallur_IN,IN
Tepic_MX,MX
Ústí nad Labem_CZ,CZ
Teresópolis_BR,BR
Houma_US,US
Tezpur_IN,IN
Thanjavur_IN,IN
Tharad_IN,IN
Dakor_IN,IN
Edendale_ZA,ZA
Thiruvarur_IN,IN
Thunder Bay_CA,CA
Olympia_US,US
Tianmen_CN,CN
Tianshui_CN,CN
Dashiqiao_CN,CN
Tijuana_MX,MX
Teresina_BR,BR
Tirumangalam_IN,IN
Tirunelveli_IN,IN
Tiruppur_IN,IN
Malappuram_IN,IN
Tiruvannamalai_IN,IN
Potchefstroom_ZA,ZA
Toledo_BR,BR
Tomaszów Mazowiecki_PL,PL
Tomsk_RU,RU
Tongling_CN,CN
Toowoomba_AU,AU
Tottori_JP,JP
Aitkenvale_AU,AU
Trabzon_TR,TR
Tramandaí_BR,BR
Thrissur_IN,IN
Trnava_SK,SK
Três Rios_BR,BR
Tulancingo_MX,MX
Visalia_US,US
Tulcea_RO,RO
Royal Tunbridge Wells_GB,GB
Tupã_BR,BR
Turpan_CN,CN
Turgutlu_TR,TR
Tuscaloosa_US,US
Thoothukudi_IN,IN
Tuxtla Gutiérrez_MX,MX
Oktjabrski_RU,RU
Tyumen_RU,RU
Uberaba_BR,BR
Uberlândia_BR,BR
Udaipur_IN,IN
Udumalaippettai_IN,IN
Udupi_IN,IN
Ufa_RU,RU
Ujjain_IN,IN
Ulanqab_CN,CN
Ulan Hot_CN,CN
Ulsan_KR,KR
Umuarama_BR,BR
Unaí_BR,BR
Juiz de Fora_BR,BR
Woden_AU,AU
Unnao_IN,IN
Ussurijsk_RU,RU
Chernogorsk_RU,RU
Provo_US,US
Uşak_TR,TR
Vadodara_IN,IN
Gama_BR,BR
Varanasi_IN,IN
Varginha_BR,BR
Varna_BG,BG
Vasai-Virar_IN,IN
Veliky Novgorod_RU,RU
Venice_IT,IT
Sahuayo de Morelos_MX,MX
Veraval_IN,IN
Zacatecas_MX,MX
Vidisha_IN,IN
Vijayawada_IN,IN
Vilnius_LT,LT
Virudhunagar_IN,IN
Visakhapatnam_IN,IN
Visnagar_IN,IN
Vitória da Conquista_BR,BR
Vizianagaram_IN,IN
Viçosa_BR,BR
Volgodonsk_RU,RU
Dzerzhinsk_RU,RU
Vologda_RU,RU
Volos_GR,GR
Deltona_US,US
Votkinsk_RU,RU
Votuporanga_BR,BR
Neyveli_IN,IN
Waukegan_US,US
Wanzhou_CN,CN
Wangqing_CN,CN
Wanaparthy_IN,IN
Wanyuan_CN,CN
Wardha_IN,IN
Nuevo Laredo_US,US
Weifang_CN,CN
Weinan_CN,CN
威宁县_CN,CN
Wejherowo_PL,PL
Taizhou_CN,CN
Wenshan_CN,CN
Wencheng_CN,CN
White Rock_CA,CA
Wichita Falls_US,US
Rockford_US,US
Wonju-si_KR,KR
Sioux City_US,US
Leominster_US,US
Chester_GB,GB
Wuchang_CN,CN
Wuhai_CN,CN
Wuhan_CN,CN
Wuhu_CN,CN
Wuwei_CN,CN
Wuzhong_CN,CN
Wuzhou_CN,CN
Xanthi_GR,GR
Xi'an_CN,CN
Hezuo_CN,CN
Fancheng_CN,CN
Xiangtan_CN,CN
Xiangyun_CN,CN
Xianning_CN,CN
Xiaogan_CN,CN
Xichang_CN,CN
Xilinhot_CN,CN
Xingning_CN,CN
Xingtai_CN,CN
Xingyi_CN,CN
Xining_CN,CN
Xinyang_CN,CN
Xinyu_CN,CN
Xinzhou_CN,CN
Xiushan_CN,CN
Xuchang_CN,CN
Xuzhou_CN,CN
Ya'an_CN,CN
Yakima_US,US
Yakutsk_RU,RU
Yan'an_CN,CN
Yancheng_CN,CN
Yangchun_CN,CN
Yangquan_CN,CN
Yangzhong_CN,CN
Yanji_CN,CN
Yantai_CN,CN
Yaroslavl_RU,RU
Yatsushiro_JP,JP
Yavatmal_IN,IN
Sora-myeon_KR,KR
Yibin_CN,CN
Yichang_CN,CN
Yidu_CN,CN
Yinchuan_CN,CN
Yingtan_CN,CN
Yining/Qulja_CN,CN
Yixing_CN,CN
Yiyang_CN,CN
Yizhen_CN,CN
Davis_US,US
Yongkang_CN,CN
Yongzhou_CN,CN
York_US,US
Yuanjiang_CN,CN
Yueqing_CN,CN
Ōita_JP,JP
Yulin_CN,CN
Yuma_US,US
Yuncheng_CN,CN
Yunfu_CN,CN
Yurga_RU,RU
Yushu_CN,CN
Yuxi_CN,CN
Adana_TR,TR
Zadar_HR,HR
市中区_CN,CN
Izhevsk_RU,RU
Zhangjiajie_CN,CN
Zhangqiu_CN,CN
Zhangye_CN,CN
Zhangzhou_CN,CN
Zhanjiang_CN,CN
Zhaotong_CN,CN
Zhaoyuan_CN,CN
Zhengzhou_CN,CN
Zhenjiang_CN,CN
Zhijiang_CN,CN
Zhijiang_CN,CN
Zhong_CN,CN
Zhongshan_CN,CN
Zhongwei_CN,CN
Zhongxiang_CN,CN
Zhoukou_CN,CN
Zhuhai_CN,CN
Zhuji_CN,CN
Zhumadian_CN,CN
Zhuzhou_CN,CN
Zibo_CN,CN
Zigong_CN,CN
Ziyang_CN,CN
Zlatoust_RU,RU
Campo Mourão_BR,BR
Zunhua_CN,CN
Zunyi_CN,CN
Udhampur_IN,IN
Uran_IN,IN
Jammu_IN,IN
Kathua_IN,IN
Port Blair_IN,IN
Pathanamthitta_IN,IN
Srinagar_IN,IN
Anantnag_IN,IN
Bokaro_IN,IN
Çanakkale_TR,TR
Kapaklı_TR,TR
Yalova_TR,TR
Çorum_TR,TR
Ödemiş_TR,TR
České Budějovice_CZ,CZ
İnegöl_TR,TR
Ōmura_JP,JP
Świdnica_PL,PL
Gaziantep_TR,TR
Šiauliai_LT,LT
